Title,URL,Description,Details,ShortDetails,Resource,Type,Identifiers,Db,EntrezUID,Properties
"Utilization of the directional balloon technique to improve the effectiveness of percutaneous kyphoplasty in the treatment of osteoporotic vertebral compression fractures and reduction of bone cement leakage.","/pubmed/31083158","Wang P, Li J, Song Z, Peng Z, Wang G.","Medicine (Baltimore). 2019 May;98(19):e15272. doi: 10.1097/MD.0000000000015272.","Medicine (Baltimore).  2019","PubMed","citation","PMID:31083158","pubmed","31083158","create date:2019/05/15 | first author:Wang P",
"Influence of vertebral bone mineral density on total dispersion volume of bone cement in vertebroplasty.","/pubmed/30896660","Liu J, Liu Z, Luo J, Gong L, Cui Y, Song Q, Xiao PF, Zhou Y.","Medicine (Baltimore). 2019 Mar;98(12):e14941. doi: 10.1097/MD.0000000000014941.","Medicine (Baltimore).  2019","PubMed","citation","PMID:30896660","pubmed","30896660","create date:2019/03/22 | first author:Liu J",
"Percutaneous vertebroplasty vs balloon kyphoplasty in the treatment of newly onset osteoporotic vertebral compression fractures: A retrospective cohort study.","/pubmed/30855494","Cheng J, Muheremu A, Zeng X, Liu L, Liu Y, Chen Y.","Medicine (Baltimore). 2019 Mar;98(10):e14793. doi: 10.1097/MD.0000000000014793.","Medicine (Baltimore).  2019","PubMed","citation","PMID:30855494 | PMCID:PMC6417511","pubmed","30855494","create date:2019/03/12 | first author:Cheng J",
"Clinical effect of balloon kyphoplasty in elderly patients with multiple osteoporotic vertebral fracture.","/pubmed/30837413","Liu Q, Cao J, Kong JJ.","Niger J Clin Pract. 2019 Mar;22(3):289-292. doi: 10.4103/njcp.njcp_8_18.","Niger J Clin Pract.  2019","PubMed","citation","PMID:30837413","pubmed","30837413","create date:2019/03/07 | first author:Liu Q",
"Unilateral versus bilateral percutaneous vertebroplasty for osteoporotic vertebral compression fractures in elderly patients: A meta-analysis.","/pubmed/30813133","Chen YC, Zhang L, Li EN, Ding LX, Zhang GA, Hou Y, Yuan W.","Medicine (Baltimore). 2019 Feb;98(8):e14317. doi: 10.1097/MD.0000000000014317.","Medicine (Baltimore).  2019","PubMed","citation","PMID:30813133 | PMCID:PMC6408113","pubmed","30813133","create date:2019/03/01 | first author:Chen YC",
"Bracing after percutaneous vertebroplasty for thoracolumbar osteoporotic vertebral compression fractures was not effective.","/pubmed/30787602","Zhang J, Fan Y, He X, Du J, Hao D.","Clin Interv Aging. 2019 Feb 5;14:265-270. doi: 10.2147/CIA.S192821. eCollection 2019.","Clin Interv Aging.  2019","PubMed","citation","PMID:30787602 | PMCID:PMC6368123","pubmed","30787602","create date:2019/02/23 | first author:Zhang J",
"A Comparative Study on Functional Recovery, Complications, and Changes in Inflammatory Factors in Patients with Thoracolumbar Spinal Fracture Complicated with Nerve Injury Treated by Anterior and Posterior Decompression.","/pubmed/30753178","Jiang Y, Wang F, Yu X, Li Z, Liang L, Ma W, Zhang G, Dong R.","Med Sci Monit. 2019 Feb 12;25:1164-1168. doi: 10.12659/MSM.912332.","Med Sci Monit.  2019","PubMed","citation","PMID:30753178 | PMCID:PMC6380160","pubmed","30753178","create date:2019/02/13 | first author:Jiang Y",
"PKP/PVP combine chemotherapy in the treatment of multiple myeloma patients with vertebral pathological fractures: minimum 3-year follow-up of 108 cases.","/pubmed/30744644","Yao X, Xu Z, Du X.","J Orthop Surg Res. 2019 Feb 11;14(1):42. doi: 10.1186/s13018-019-1078-0.","J Orthop Surg Res.  2019","PubMed","citation","PMID:30744644 | PMCID:PMC6371465","pubmed","30744644","create date:2019/02/13 | first author:Yao X",
"Transpedicular lag screw placement in traumatic cervical spondylolisthesis: Case report and systematic review of the literature.","/pubmed/30737091","Bakhsheshian J, Sizdahkhani S, Ohiorhenuan I, Buchanan IA, Strickland B, Pham MH.","J Clin Neurosci. 2019 May;63:256-262. doi: 10.1016/j.jocn.2019.01.036. Epub 2019 Feb 5.","J Clin Neurosci.  2019","PubMed","citation","PMID:30737091","pubmed","30737091","create date:2019/02/10 | first author:Bakhsheshian J",
"Unilateral Versus Bilateral Balloon Kyphoplasty for Osteoporotic Vertebral Compression Fractures: A Systematic Review of Overlapping Meta-analyses.","/pubmed/30700065","Zhiyong C, Yun T, Hui F, Zhongwei Y, Zhaorui L.","Pain Physician. 2019 Jan;22(1):15-28.","Pain Physician.  2019","PubMed","citation","PMID:30700065","pubmed","30700065","create date:2019/02/01 | first author:Zhiyong C",
"SAPHO syndrome with pathological fractures of vertebral bodies: a case report.","/pubmed/30654792","Li Y, Liu G, Zhao Y, Luo Y, Lu T.","BMC Musculoskelet Disord. 2019 Jan 17;20(1):27. doi: 10.1186/s12891-019-2410-x.","BMC Musculoskelet Disord.  2019","PubMed","citation","PMID:30654792 | PMCID:PMC6337767","pubmed","30654792","create date:2019/01/19 | first author:Li Y",
"[Surgical treatment strategy for the ""shell"" phenomenon after thoracolumbar fracture].","/pubmed/30644260","Hu H, Lin X, Tan L, Wu C, Zhong Z, Zeng J, Deng J.","Zhongguo Xiu Fu Chong Jian Wai Ke Za Zhi. 2019 Jan 15;33(1):49-55. doi: 10.7507/1002-1892.201806085. Chinese. ","Zhongguo Xiu Fu Chong Jian Wai Ke Za Zhi.  2019","PubMed","citation","PMID:30644260","pubmed","30644260","create date:2019/01/16 | first author:Hu H",
"Effects of Percutaneous Kyphoplasty on Bone Metabolism and Oxidative Stress in Elderly Patients with Osteoporotic Spinal Fractures.","/pubmed/30630567","Liu Q, Cao J, Kong J.","J Coll Physicians Surg Pak. 2019 Jan;29(1):37-40. doi: 10.29271/jcpsp.2019.01.37.","J Coll Physicians Surg Pak.  2019","PubMed","citation","PMID:30630567","pubmed","30630567","create date:2019/01/12 | first author:Liu Q",
"Comparison of Four Different Posterior Screw Fixation Techniques for the Treatment of Thoracolumbar Junction Fractures.","/pubmed/30579033","Saglam N, Dogan S, Ozcan C, Turkmen I.","World Neurosurg. 2019 Mar;123:e773-e780. doi: 10.1016/j.wneu.2018.12.030. Epub 2018 Dec 19.","World Neurosurg.  2019","PubMed","citation","PMID:30579033","pubmed","30579033","create date:2018/12/24 | first author:Saglam N",
"[Comparison of effectiveness between two combined anterior and posterior approaches for complicated acetabular fractures].","/pubmed/30569675","Yao Y, Xue C, Sun Y, Zhan J, Jing J.","Zhongguo Xiu Fu Chong Jian Wai Ke Za Zhi. 2018 Dec 15;32(12):1512-1517. doi: 10.7507/1002-1892.201806096. Chinese. ","Zhongguo Xiu Fu Chong Jian Wai Ke Za Zhi.  2018","PubMed","citation","PMID:30569675","pubmed","30569675","create date:2018/12/21 | first author:Yao Y",
"Incidence of dysphagia and dysphonia after Hangman's fractures: Evidence from 93 patients.","/pubmed/30544470","Yang Y, Dai L, Ma L, Gao X, Liu H.","Medicine (Baltimore). 2018 Dec;97(49):e13552. doi: 10.1097/MD.0000000000013552.","Medicine (Baltimore).  2018","PubMed","citation","PMID:30544470 | PMCID:PMC6310564","pubmed","30544470","create date:2018/12/14 | first author:Yang Y",
"Cement Distribution Patterns in Osteoporotic Vertebral Compression Fractures with Intravertebral Cleft: Effect on Therapeutic Efficacy.","/pubmed/30503288","Yu W, Xiao X, Zhang J, Li Z, Wang X, Tang F, Jiang X, Zhong Y.","World Neurosurg. 2019 Mar;123:e408-e415. doi: 10.1016/j.wneu.2018.11.181. Epub 2018 Nov 29.","World Neurosurg.  2019","PubMed","citation","PMID:30503288","pubmed","30503288","create date:2018/12/07 | first author:Yu W",
"[Modified incision to prevent the postoperative spinal lateral angulation in surgery via anterior approach for lumbar fracture].","/pubmed/30514048","Ma LT, Yang Y, Liu H, Wang BY, Deng YX, Ding C, Gong Q, Li T.","Zhongguo Gu Shang. 2018 Nov 25;31(11):1049-1053. doi: 10.3969/j.issn.1003-0034.2018.11.013. Chinese. ","Zhongguo Gu Shang.  2018","PubMed","citation","PMID:30514048","pubmed","30514048","create date:2018/12/06 | first author:Ma LT",
"Predictors of 30-Day Postoperative Pulmonary Complications After Open Reduction and Internal Fixation of Vertebral Fractures.","/pubmed/30496929","Ye I, Tang R, White SJ, Cheung ZB, Cho SK.","World Neurosurg. 2019 Mar;123:e288-e293. doi: 10.1016/j.wneu.2018.11.153. Epub 2018 Nov 26.","World Neurosurg.  2019","PubMed","citation","PMID:30496929","pubmed","30496929","create date:2018/11/30 | first author:Ye I",
"Medial Branch Block Versus Vertebroplasty for 1-Level Osteoporotic Vertebral Compression Fracture: 2-Year Retrospective Study.","/pubmed/30481629","Bae IS, Chun HJ, Bak KH, Yi HJ, Choi KS, Kim KD.","World Neurosurg. 2019 Feb;122:e1599-e1605. doi: 10.1016/j.wneu.2018.11.142. Epub 2018 Nov 24.","World Neurosurg.  2019","PubMed","citation","PMID:30481629","pubmed","30481629","create date:2018/11/28 | first author:Bae IS",
"[Availability of Early Balloon Kyphoplasty for the Treatment of Osteoporotic Compression Fractures].","/pubmed/30458433","Takano Y, Kubota M, Takebayashi K, Kihara K, Yuzurihara M, Tachibana S, Kawamata T.","No Shinkei Geka. 2018 Nov;46(11):969-974. doi: 10.11477/mf.1436203850. Japanese. ","No Shinkei Geka.  2018","PubMed","citation","PMID:30458433","pubmed","30458433","create date:2018/11/21 | first author:Takano Y",
"New AOSpine subaxial cervical spine injury classification and its clinical usage.","/pubmed/30442007","Vaněk P.","Rozhl Chir. Spring 2018;97(6):273-278.","Rozhl Chir.  Spri","PubMed","citation","PMID:30442007","pubmed","30442007","create date:2018/11/18 | first author:Vaněk P",
"Percutaneous kyphoplasty for osteoporotic vertebral compression fractures via unilateral versus bilateral approach: A meta-analysis.","/pubmed/30414813","Yin P, Ji Q, Wang Y, Liu Y, Wu Y, Yu Y, Hai Y, Su Q.","J Clin Neurosci. 2019 Jan;59:146-154. doi: 10.1016/j.jocn.2018.10.112. Epub 2018 Nov 7.","J Clin Neurosci.  2019","PubMed","citation","PMID:30414813","pubmed","30414813","create date:2018/11/12 | first author:Yin P",
"Comparison of Percutaneous Kyphoplasty Versus Modified Percutaneous Kyphoplasty for Treatment of Osteoporotic Vertebral Compression Fractures.","/pubmed/30414526","Qi Y, Zeng Y, Jiang C, Liang B, Sui J, Zhao L, Wang D.","World Neurosurg. 2019 Feb;122:e1020-e1027. doi: 10.1016/j.wneu.2018.10.205. Epub 2018 Nov 7.","World Neurosurg.  2019","PubMed","citation","PMID:30414526","pubmed","30414526","create date:2018/11/11 | first author:Qi Y",
"Incidence of Cement Leakage Between Unilateral and Bilateral Percutaneous Vertebral Augmentation for Osteoporotic Vertebral Compression Fractures: A Meta-Analysis of Randomized Controlled Trials.","/pubmed/30391616","Chen W, Xie W, Xiao Z, Chen H, Jin D, Ding J.","World Neurosurg. 2019 Feb;122:342-348. doi: 10.1016/j.wneu.2018.10.143. Epub 2018 Nov 1. Review.","World Neurosurg.  2019","PubMed","citation","PMID:30391616","pubmed","30391616","create date:2018/11/06 | first author:Chen W",
"Clinical application of the pedicle in vitro restorer in percutaneous kyphoplasty.","/pubmed/30359276","Qi Y, Zeng Y, Wang D, Sui J, Wang Q.","J Orthop Surg Res. 2018 Oct 25;13(1):268. doi: 10.1186/s13018-018-0978-8.","J Orthop Surg Res.  2018","PubMed","citation","PMID:30359276 | PMCID:PMC6203289","pubmed","30359276","create date:2018/10/26 | first author:Qi Y",
"Balloon kyphoplasty versus percutaneous vertebroplasty for osteoporotic vertebral compression fracture: a meta-analysis and systematic review.","/pubmed/30348192","Wang B, Zhao CP, Song LX, Zhu L.","J Orthop Surg Res. 2018 Oct 22;13(1):264. doi: 10.1186/s13018-018-0952-5.","J Orthop Surg Res.  2018","PubMed","citation","PMID:30348192 | PMCID:PMC6196425","pubmed","30348192","create date:2018/10/24 | first author:Wang B",
"Can an unipedicular approach replace bipedicular percutaneous vertebroplasty for osteoporotic vertebral compression fracture?","/pubmed/30347587","Wang W, Duan K, Ma M, Jiang Y, Liu T, Liu J, Hao D.","J Back Musculoskelet Rehabil. 2019;32(2):261-267. doi: 10.3233/BMR-170870.","J Back Musculoskelet Rehabil.  2019","PubMed","citation","PMID:30347587","pubmed","30347587","create date:2018/10/24 | first author:Wang W",
"Exploratory analysis of predictors of revision surgery for proximal junctional kyphosis or additional postoperative vertebral fracture following adult spinal deformity surgery in elderly patients: a retrospective cohort study.","/pubmed/30314520","Uei H, Tokuhashi Y, Maseda M, Nakahashi M, Sawada H, Matsumoto K, Miyakata H.","J Orthop Surg Res. 2018 Oct 12;13(1):252. doi: 10.1186/s13018-018-0960-5.","J Orthop Surg Res.  2018","PubMed","citation","PMID:30314520 | PMCID:PMC6186028","pubmed","30314520","create date:2018/10/14 | first author:Uei H",
"Percutaneous versus open pedicle screw instrumentation in treatment of thoracic and lumbar spine fractures: A systematic review and meta-analysis.","/pubmed/30313040","Tian F, Tu LY, Gu WF, Zhang EF, Wang ZB, Chu G, Ka H, Zhao J.","Medicine (Baltimore). 2018 Oct;97(41):e12535. doi: 10.1097/MD.0000000000012535. Review.","Medicine (Baltimore).  2018","PubMed","citation","PMID:30313040 | PMCID:PMC6203502","pubmed","30313040","create date:2018/10/14 | first author:Tian F",
"Additional Sacroplasty Does Not Improve Clinical Outcome in Minimally Invasive Navigation-Assisted Screw Fixation Procedures for Nondisplaced Insufficiency Fractures of the Sacrum.","/pubmed/30312272","Balling H.","Spine (Phila Pa 1976). 2019 Apr 15;44(8):534-542. doi: 10.1097/BRS.0000000000002899.","Spine (Phila Pa 1976).  2019","PubMed","citation","PMID:30312272","pubmed","30312272","create date:2018/10/13 | first author:Balling H",
"Osteoporosis development and vertebral fractures after abdominal irradiation in patients with gastric cancer.","/pubmed/30309324","Yaprak G, Gemici C, Temizkan S, Ozdemir S, Dogan BC, Seseogullari OO.","BMC Cancer. 2018 Oct 11;18(1):972. doi: 10.1186/s12885-018-4899-z.","BMC Cancer.  2018","PubMed","citation","PMID:30309324 | PMCID:PMC6182865","pubmed","30309324","create date:2018/10/13 | first author:Yaprak G",
"New vertebral fractures after osteoporotic vertebral compression fracture between balloon kyphoplasty and nonsurgical treatment PRISMA.","/pubmed/30290650","Li HM, Zhang RJ, Gao H, Jia CY, Zhang JX, Dong FL, Shen CL.","Medicine (Baltimore). 2018 Oct;97(40):e12666. doi: 10.1097/MD.0000000000012666. Review.","Medicine (Baltimore).  2018","PubMed","citation","PMID:30290650 | PMCID:PMC6200511","pubmed","30290650","create date:2018/10/07 | first author:Li HM",
"Earlier Vertebroplasty for Osteoporotic Thoracolumbar Compression Fracture May Minimize the Subsequent Development of Adjacent Fractures: A Retrospective Study.","/pubmed/30282396","Yang CC, Chien JT, Tsai TY, Yeh KT, Lee RP, Wu WT.","Pain Physician. 2018 Sep;21(5):E483-E491.","Pain Physician.  2018","PubMed","citation","PMID:30282396","pubmed","30282396","create date:2018/10/05 | first author:Yang CC",
"Percutaneous vertebroplasty is safe and effective for cancer-related vertebral compression fractures.","/pubmed/30269751","Kirkegaard AO, Sørensen ST, Ziegler DS, Carreon L, Andersen MØ, Rousing R.","Dan Med J. 2018 Oct;65(10). pii: A5509.","Dan Med J.  2018","PubMed","citation","PMID:30269751","pubmed","30269751","create date:2018/10/03 | first author:Kirkegaard AO",
"Kyphotic Angle of the Motion Segment Most Accurately Predicts Injury to the Ligamentous Complex on Computed Tomography Scan of Thoracolumbar Fractures.","/pubmed/30257296","Jiang L, Zhang H, Chen H, Wu Q.","World Neurosurg. 2018 Oct;118:e405-e413. doi: 10.1016/j.wneu.2018.06.202. Epub 2018 Jul 3.","World Neurosurg.  2018","PubMed","citation","PMID:30257296","pubmed","30257296","create date:2018/09/28 | first author:Jiang L",
"Clinical and Radiologic Features of Osteoporotic Spine Fracture with Delayed Neurologic Compromises.","/pubmed/30240862","Park HY, Ahn JH, Ha KY, Kim YH, Kim SI, Min HK, Oh IS, Seo JY, Park SH.","World Neurosurg. 2018 Dec;120:e1295-e1300. doi: 10.1016/j.wneu.2018.09.056. Epub 2018 Sep 19.","World Neurosurg.  2018","PubMed","citation","PMID:30240862","pubmed","30240862","create date:2018/09/22 | first author:Park HY",
"Anatomical feasibility study of unilateral percutaneous kyphoplasty for lumbar through the conventional transpedicular approach: An observational study using 3D CT analysis.","/pubmed/30212972","Wang H, Hu P, Wu D, Zhang N, Wu J, Chen Y, Xiang L.","Medicine (Baltimore). 2018 Sep;97(37):e12314. doi: 10.1097/MD.0000000000012314.","Medicine (Baltimore).  2018","PubMed","citation","PMID:30212972 | PMCID:PMC6156015","pubmed","30212972","create date:2018/09/15 | first author:Wang H",
"Clinical outcome comparison of polymethylmethacrylate bone cement with and without mineralized collagen modification for osteoporotic vertebral compression fractures.","/pubmed/30212950","Wang X, Kou JM, Yue Y, Weng XS, Qiu ZY, Zhang XF.","Medicine (Baltimore). 2018 Sep;97(37):e12204. doi: 10.1097/MD.0000000000012204.","Medicine (Baltimore).  2018","PubMed","citation","PMID:30212950 | PMCID:PMC6156072","pubmed","30212950","create date:2018/09/15 | first author:Wang X",
"Incidence and risk factors of facet joint violation following percutaneous kyphoplasty for osteoporotic vertebral compression fractures.","/pubmed/30205703","Li Y, Wang X, Jiang K, Chen J, Lin Y, Wu Y.","Acta Radiol. 2019 Jun;60(6):755-761. doi: 10.1177/0284185118799515. Epub 2018 Sep 11.","Acta Radiol.  2019","PubMed","citation","PMID:30205703","pubmed","30205703","create date:2018/09/13 | first author:Li Y",
"Beneficial effect of traditional Chinese medicine fumigation ""Bone-healing Powder"" in postoperative pain and recovery of neurological function of traumatic thoracolumbar spine fractures: A case-control study.","/pubmed/30170399","Wang XL, Zhu XP, Ji DX, Wang J, Zhai RH, Li P, Yang XF.","Medicine (Baltimore). 2018 Aug;97(35):e11983. doi: 10.1097/MD.0000000000011983.","Medicine (Baltimore).  2018","PubMed","citation","PMID:30170399 | PMCID:PMC6393006","pubmed","30170399","create date:2018/09/02 | first author:Wang XL",
"Coronal Imaging Changes Associated with Recollapse of Injured Vertebrae After Percutaneous Vertebroplasty or Percutaneous Kyphoplasty Treatment for Osteoporotic Thoracolumbar Fracture.","/pubmed/30170144","Liu L, Wang Q, Cheng S, Wang J, Li Y, Liang Q, Zhou Q, Jin W, Wang Z.","World Neurosurg. 2018 Dec;120:e737-e744. doi: 10.1016/j.wneu.2018.08.154. Epub 2018 Aug 29.","World Neurosurg.  2018","PubMed","citation","PMID:30170144","pubmed","30170144","create date:2018/09/01 | first author:Liu L",
"Surgical vs. non-surgical management of displaced type-2 odontoid fractures in patients aged 75 years and older: study protocol for a randomised controlled trial.","/pubmed/30134944","Robinson AL, Schmeiser G, Robinson Y, Olerud C.","Trials. 2018 Aug 22;19(1):452. doi: 10.1186/s13063-018-2690-8.","Trials.  2018","PubMed","citation","PMID:30134944 | PMCID:PMC6106890","pubmed","30134944","create date:2018/08/24 | first author:Robinson AL",
"Unilateral versus bilateral percutaneous balloon kyphoplasty for osteoporotic vertebral compression fractures: A systematic review of overlapping meta-analyses.","/pubmed/30113502","Tan G, Li F, Zhou D, Cai X, Huang Y, Liu F.","Medicine (Baltimore). 2018 Aug;97(33):e11968. doi: 10.1097/MD.0000000000011968. Review.","Medicine (Baltimore).  2018","PubMed","citation","PMID:30113502 | PMCID:PMC6112965","pubmed","30113502","create date:2018/08/17 | first author:Tan G",
"Biomechanical Fixation Properties of the Cortical Bone Trajectory in the Osteoporotic Lumbar Spine.","/pubmed/30092463","Li HM, Zhang RJ, Gao H, Jia CY, Xing T, Zhang JX, Dong FL, Shen CL.","World Neurosurg. 2018 Nov;119:e717-e727. doi: 10.1016/j.wneu.2018.07.253. Epub 2018 Aug 6.","World Neurosurg.  2018","PubMed","citation","PMID:30092463","pubmed","30092463","create date:2018/08/10 | first author:Li HM",
"Delayed Height Loss After Kyphoplasty in Osteoporotic Vertebral Fracture with Severe Collapse: Comparison with Vertebroplasty.","/pubmed/30077032","Kim SI, Ha KY, Cho YS, Kim KW, Oh IS.","World Neurosurg. 2018 Nov;119:e580-e588. doi: 10.1016/j.wneu.2018.07.214. Epub 2018 Aug 2.","World Neurosurg.  2018","PubMed","citation","PMID:30077032","pubmed","30077032","create date:2018/08/05 | first author:Kim SI",
"Risk Factor of Failed Reduction of Posterior Ligamentatoxis Reduction Instrumentation in Managing Thoracolumbar Burst Fractures: A Retrospective Study.","/pubmed/30071341","Wang K, Zhang ZJ, Wang JL, Huang CA, Huang QS, Chen J, Wu YS, Lin Y, Wang XY, Chen JX, Sheng SR.","World Neurosurg. 2018 Nov;119:e475-e481. doi: 10.1016/j.wneu.2018.07.184. Epub 2018 Jul 30.","World Neurosurg.  2018","PubMed","citation","PMID:30071341","pubmed","30071341","create date:2018/08/03 | first author:Wang K",
"C1-C2 Fusion Versus Occipito-Cervical Fusion for High Cervical Fractures: A Multi-Institutional Database Analysis and Review of the Literature.","/pubmed/30071333","Bhimani AD, Chiu RG, Esfahani DR, Patel AS, Denyer S, Hobbs JG, Mehta AI.","World Neurosurg. 2018 Nov;119:e459-e466. doi: 10.1016/j.wneu.2018.07.182. Epub 2018 Jul 30. Review.","World Neurosurg.  2018","PubMed","citation","PMID:30071333","pubmed","30071333","create date:2018/08/03 | first author:Bhimani AD",
"The Impact of Facet Joint Violation on Clinical Outcomes After Percutaneous Kyphoplasty for Osteoporotic Vertebral Compression Fractures.","/pubmed/30071323","Li Y, Huang M, Chen J, Wu Y, Wang X.","World Neurosurg. 2018 Nov;119:e383-e388. doi: 10.1016/j.wneu.2018.07.170. Epub 2018 Jul 30.","World Neurosurg.  2018","PubMed","citation","PMID:30071323","pubmed","30071323","create date:2018/08/03 | first author:Li Y",
"Is Unilateral Percutaneous Kyphoplasty Superior to Bilateral Percutaneous Kyphoplasty for Osteoporotic Vertebral Compression Fractures? Evidence from a Systematic Review of Discordant Meta-Analyses.","/pubmed/30045590","Chen X, Guo W, Li Q, Ou Z, Lao Z, Liu Y, Zhu C, Han Z, Chu X, Cai D.","Pain Physician. 2018 Jul;21(4):327-336.","Pain Physician.  2018","PubMed","citation","PMID:30045590","pubmed","30045590","create date:2018/07/27 | first author:Chen X",
"Comparison of clinical and radiological outcomes between modified Gallie graft fusion-wiring technique and posterior cervical screw constructs for Type II odontoid fractures.","/pubmed/30024518","Wang H, Xue R, Wu L, Ding W, Ma L.","Medicine (Baltimore). 2018 Jul;97(29):e11452. doi: 10.1097/MD.0000000000011452.","Medicine (Baltimore).  2018","PubMed","citation","PMID:30024518 | PMCID:PMC6086456","pubmed","30024518","create date:2018/07/20 | first author:Wang H",
"Comparison of combined posterior and anterior spondylodesis versus hybrid stabilization in unstable burst fractures at the thoracolumbar spine in patients between 60 and 70 years of age.","/pubmed/30008109","Spiegl UJ, Devitt BM, Kasivskiy I, Jarvers JS, Josten C, Heyde CE, Fakler HM.","Arch Orthop Trauma Surg. 2018 Oct;138(10):1407-1414. doi: 10.1007/s00402-018-2993-y. Epub 2018 Jul 14.","Arch Orthop Trauma Surg.  2018","PubMed","citation","PMID:30008109","pubmed","30008109","create date:2018/07/17 | first author:Spiegl UJ",
"Magnetic resonance imaging evaluation of intervertebral disc injuries can predict kyphotic deformity after posterior fixation of unstable thoracolumbar spine injuries.","/pubmed/29995797","Kanezaki S, Miyazaki M, Ishihara T, Notani N, Tsumura H.","Medicine (Baltimore). 2018 Jul;97(28):e11442. doi: 10.1097/MD.0000000000011442.","Medicine (Baltimore).  2018","PubMed","citation","PMID:29995797 | PMCID:PMC6076179","pubmed","29995797","create date:2018/07/12 | first author:Kanezaki S",
"What is the role of vertebral augmentation for osteoporotic fractures? A review of the recent literature.","/pubmed/29947942","Marcia S, Muto M, Hirsch JA, Chandra RV, Carter N, Crivelli P, Piras E, Saba L.","Neuroradiology. 2018 Aug;60(8):777-783. doi: 10.1007/s00234-018-2042-0. Epub 2018 Jun 13. Review.","Neuroradiology.  2018","PubMed","citation","PMID:29947942","pubmed","29947942","create date:2018/06/28 | first author:Marcia S",
"Cement Distribution Patterns Are Associated with Recompression in Cemented Vertebrae After Percutaneous Vertebroplasty: A Retrospective Study.","/pubmed/29945011","He D, Lou C, Yu W, Zhu K, Wu Z, Liu F, Chen M, Zheng L, Chen Z, Fan S.","World Neurosurg. 2018 Dec;120:e1-e7. doi: 10.1016/j.wneu.2018.06.113. Epub 2018 Jun 23.","World Neurosurg.  2018","PubMed","citation","PMID:29945011","pubmed","29945011","create date:2018/06/27 | first author:He D",
"New Technology for Surgical Treatment of Osteoporotic Vertebral Compression Fractures: The Transvertebral Bone Graft and Fixation.","/pubmed/29933089","Hou Y, Shi G, Sun J, Shi J, Xu G, Guo Y, Han D.","World Neurosurg. 2018 Oct;118:e25-e33. doi: 10.1016/j.wneu.2018.06.074. Epub 2018 Jun 20.","World Neurosurg.  2018","PubMed","citation","PMID:29933089","pubmed","29933089","create date:2018/06/23 | first author:Hou Y",
"Posterior paraspinal muscle versus post-middle approach for the treatment of thoracolumbar burst fractures: A randomized controlled trial.","/pubmed/29924040","Chang W, Zhang D, Liu W, Lian X, Jiao Z, Chen W.","Medicine (Baltimore). 2018 Jun;97(25):e11193. doi: 10.1097/MD.0000000000011193.","Medicine (Baltimore).  2018","PubMed","citation","PMID:29924040 | PMCID:PMC6024482","pubmed","29924040","create date:2018/06/21 | first author:Chang W",
"Spinopelvic Dissociation: A Retrospective Case Study and Review of Treatment Controversies.","/pubmed/29912032","Chou DTS, El-Daly I, Ranganathan A, Montgomery A, Culpan P, Bates P.","J Am Acad Orthop Surg. 2018 Jul 15;26(14):e302-e312. doi: 10.5435/JAAOS-D-16-00366. Review.","J Am Acad Orthop Surg.  2018","PubMed","citation","PMID:29912032","pubmed","29912032","create date:2018/06/19 | first author:Chou DTS",
"Surgical versus nonsurgical management for type II odontoid fractures in the elderly population: a systematic review.","/pubmed/29886165","Sarode DP, Demetriades AK.","Spine J. 2018 Oct;18(10):1921-1933. doi: 10.1016/j.spinee.2018.05.017. Epub 2018 Jun 7.","Spine J.  2018","PubMed","citation","PMID:29886165","pubmed","29886165","create date:2018/06/11 | first author:Sarode DP",
"Bone cement distribution is a potential predictor to the reconstructive effects of unilateral percutaneous kyphoplasty in OVCFs: a retrospective study.","/pubmed/29880007","Lin J, Qian L, Jiang C, Chen X, Feng F, Lao L.","J Orthop Surg Res. 2018 Jun 7;13(1):140. doi: 10.1186/s13018-018-0839-5.","J Orthop Surg Res.  2018","PubMed","citation","PMID:29880007 | PMCID:PMC5992789","pubmed","29880007","create date:2018/06/09 | first author:Lin J",
"Comparison of the Efficacy and Safety of Bone-filling Mesh Container and Simple Percutaneous Balloon Kyphoplasty in the Treatment of Osteoporotic Vertebral Compression Fractures.","/pubmed/29871370","He CJ, Liu GD.","Pain Physician. 2018 May;21(3):259-268.","Pain Physician.  2018","PubMed","citation","PMID:29871370","pubmed","29871370","create date:2018/06/07 | first author:He CJ",
"The Role of Unilateral Balloon Kyphoplasty for the Treatment of Patients with OVCFS: A Systematic Review and Meta-Analysis.","/pubmed/29871365","Xiang GH, Tong MJ, Lou C, Zhu SP, Guo WJ, Ke CR.","Pain Physician. 2018 May;21(3):209-218.","Pain Physician.  2018","PubMed","citation","PMID:29871365","pubmed","29871365","create date:2018/06/07 | first author:Xiang GH",
"Long-Segment or Bone Cement-Augmented Short-Segment Fixation for Kummell Disease with Neurologic Deficits? A Comparative Cohort Study.","/pubmed/29864575","Huang YS, Hao DJ, Wang XD, Sun HH, Du JP, Yang JS, Gao J, Xue P.","World Neurosurg. 2018 Aug;116:e1079-e1086. doi: 10.1016/j.wneu.2018.05.171. Epub 2018 Jun 2.","World Neurosurg.  2018","PubMed","citation","PMID:29864575","pubmed","29864575","create date:2018/06/05 | first author:Huang YS",
"[Comparative study of decompression and non-decompression surgeries in treatment of thoracolumbar fractures with intraspinal occupying and without neurological symptoms].","/pubmed/29806435","Zhang D, Chen T, Li G, Zhang K, Zhang R, Huang Z.","Zhongguo Xiu Fu Chong Jian Wai Ke Za Zhi. 2017 Aug 15;31(8):970-975. doi: 10.7507/1002-1892.201701101. Chinese. ","Zhongguo Xiu Fu Chong Jian Wai Ke Za Zhi.  2017","PubMed","citation","PMID:29806435","pubmed","29806435","create date:2018/05/29 | first author:Zhang D",
"[Photoelectric guided navigation unilateral puncture of the percutaneous kyphoplasty in treatment of thoracolumbar osteoporotic vertebral compression fracture].","/pubmed/29806413","Wang X, Tan L, Lin X, Wu C, Zeng J, Hu H.","Zhongguo Xiu Fu Chong Jian Wai Ke Za Zhi. 2018 Feb 15;32(2):203-209. doi: 10.7507/1002-1892.201709115. Chinese. ","Zhongguo Xiu Fu Chong Jian Wai Ke Za Zhi.  2018","PubMed","citation","PMID:29806413","pubmed","29806413","create date:2018/05/29 | first author:Wang X",
"Anterior reconstruction versus posterior osteotomy in treating Kümmell's disease with neurological deficits: A systematic review.","/pubmed/29803679","Liu F, Chen Z, Lou C, Yu W, Zheng L, He D, Zhu K.","Acta Orthop Traumatol Turc. 2018 Jul;52(4):283-288. doi: 10.1016/j.aott.2018.05.002. Epub 2018 May 24. Review.","Acta Orthop Traumatol Turc.  2018","PubMed","citation","PMID:29803679 | PMCID:PMC6146012","pubmed","29803679","create date:2018/05/29 | first author:Liu F",
"[Common pedicle screw placement under direct vision combined with dome shaped decompression via small incision for double segment thoracolumbar fracture with nerve injury].","/pubmed/29798648","Shen K, Tan Z, Yang F, Zhang S, Cao D.","Zhongguo Xiu Fu Chong Jian Wai Ke Za Zhi. 2017 Jun 15;31(6):677-682. doi: 10.7507/1002-1892.201701092. Chinese. ","Zhongguo Xiu Fu Chong Jian Wai Ke Za Zhi.  2017","PubMed","citation","PMID:29798648","pubmed","29798648","create date:2018/05/26 | first author:Shen K",
"[Comparative study on treatment of thoracolumbar burst fractures with bone grafting by transpedicular approach and by interlaminal small fenestration].","/pubmed/29798647","Qin J, Wang C, Ao J, Liao W.","Zhongguo Xiu Fu Chong Jian Wai Ke Za Zhi. 2017 Jun 15;31(6):670-676. doi: 10.7507/1002-1892.201702096. Chinese. ","Zhongguo Xiu Fu Chong Jian Wai Ke Za Zhi.  2017","PubMed","citation","PMID:29798647","pubmed","29798647","create date:2018/05/26 | first author:Qin J",
"[Effectiveness comparison between unilateral and bilateral percutaneous kyphoplasty for Kümmell disease].","/pubmed/29798566","Sun Y, Xiong X, Wan D, Deng X, Shi H, Song S, Wu X, Zhou J, Yang M.","Zhongguo Xiu Fu Chong Jian Wai Ke Za Zhi. 2017 Sep 15;31(9):1086-1091. doi: 10.7507/1002-1892.201704055. Chinese. ","Zhongguo Xiu Fu Chong Jian Wai Ke Za Zhi.  2017","PubMed","citation","PMID:29798566","pubmed","29798566","create date:2018/05/26 | first author:Sun Y",
"[Effect of remote controlled injection manipulator system assisted percutaneous kyphoplasty for treatment of rupture of posterior vertebral osteoporotic vertebral fracture].","/pubmed/29798540","Liu Y, Wang C, Wei G, Huang R.","Zhongguo Xiu Fu Chong Jian Wai Ke Za Zhi. 2017 May 15;31(5):527-533. doi: 10.7507/1002-1892.201612104. Chinese. ","Zhongguo Xiu Fu Chong Jian Wai Ke Za Zhi.  2017","PubMed","citation","PMID:29798540","pubmed","29798540","create date:2018/05/26 | first author:Liu Y",
"[Percutaneous pedicle screw fixation and minimally invasive decompression in the same incision for type A3 thoracolumbar burst fracture].","/pubmed/29798528","Zou W, Xiao J, Zhang Y, Du Y, Zhou C.","Zhongguo Xiu Fu Chong Jian Wai Ke Za Zhi. 2017 Jul 15;31(7):830-836. doi: 10.7507/1002-1892.201702089. Chinese. ","Zhongguo Xiu Fu Chong Jian Wai Ke Za Zhi.  2017","PubMed","citation","PMID:29798528","pubmed","29798528","create date:2018/05/26 | first author:Zou W",
"Biomechanical comparison of cemented versus non-cemented anterior screw fixation in type II odontoid fractures in the elderly: a cadaveric study.","/pubmed/29783086","Rehousek P, Jenner E, Holton J, Czyz M, Capek L, Henys P, Kulvajtova M, Krbec M, Skala-Rosenbaum J.","Spine J. 2018 Oct;18(10):1888-1895. doi: 10.1016/j.spinee.2018.05.019. Epub 2018 May 18.","Spine J.  2018","PubMed","citation","PMID:29783086","pubmed","29783086","create date:2018/05/22 | first author:Rehousek P",
"[Effect observation of percutaneous pedicle screw fixation combined with percutaneous vertebroplasty for the treatment of osteoporotic thoracolumbar fractures].","/pubmed/29772860","Wang N, Xu JZ, Chen EL, Zhao SJ, Quan RF.","Zhongguo Gu Shang. 2018 Apr 25;31(4):339-346. doi: 10.3969/j.issn.1003-0034.2018.04.009. Chinese. ","Zhongguo Gu Shang.  2018","PubMed","citation","PMID:29772860","pubmed","29772860","create date:2018/05/19 | first author:Wang N",
"Percutaneous kyphoplasty combined with zoledronic acid infusion in the treatment of osteoporotic thoracolumbar fractures in the elderly.","/pubmed/29765210","Shi C, Zhang M, Cheng AY, Huang ZF.","Clin Interv Aging. 2018 May 4;13:853-861. doi: 10.2147/CIA.S146871. eCollection 2018.","Clin Interv Aging.  2018","PubMed","citation","PMID:29765210 | PMCID:PMC5942393","pubmed","29765210","create date:2018/05/17 | first author:Shi C",
"Comparative study of the paraspinal muscles after OVF between the insufficient union and sufficient union using MRI.","/pubmed/29759081","Katsu M, Ohba T, Ebata S, Haro H.","BMC Musculoskelet Disord. 2018 May 14;19(1):143. doi: 10.1186/s12891-018-2064-0.","BMC Musculoskelet Disord.  2018","PubMed","citation","PMID:29759081 | PMCID:PMC5952377","pubmed","29759081","create date:2018/05/16 | first author:Katsu M",
"Vertebroplasty versus sham procedure for painful acute osteoporotic vertebral compression fractures (VERTOS IV): randomised sham controlled clinical trial.","/pubmed/29743284","Firanescu CE, de Vries J, Lodder P, Venmans A, Schoemaker MC, Smeets AJ, Donga E, Juttmann JR, Klazen CAH, Elgersma OEH, Jansen FH, Tielbeek AV, Boukrab I, Schonenberg K, van Rooij WJJ, Hirsch JA, Lohle PNM.","BMJ. 2018 May 9;361:k1551. doi: 10.1136/bmj.k1551. Erratum in: BMJ. 2018 Jul 4;362:k2937. Smeet AJ [corrected to Smeets AJ]. ","BMJ.  2018","PubMed","citation","PMID:29743284 | PMCID:PMC5941218","pubmed","29743284","create date:2018/05/11 | first author:Firanescu CE",
"Feasibility of Modified Anterior Odontoid Screw Fixation: Analysis of a New Trajectory Using 3-Dimensional Simulation Software.","/pubmed/29729457","Zhang LL, Chen Q, Wang HL, Xu HZ, Tian NF.","World Neurosurg. 2018 Aug;116:e211-e216. doi: 10.1016/j.wneu.2018.04.166. Epub 2018 May 3.","World Neurosurg.  2018","PubMed","citation","PMID:29729457","pubmed","29729457","create date:2018/05/08 | first author:Zhang LL",
"C2 Translaminar Screw Fixation in Children.","/pubmed/29664878","Yang BW, Glotzbecker MP, Troy M, Proctor MR, Hresko MT, Hedequist DJ.","J Pediatr Orthop. 2018 Jul;38(6):e312-e317. doi: 10.1097/BPO.0000000000001176.","J Pediatr Orthop.  2018","PubMed","citation","PMID:29664878","pubmed","29664878","create date:2018/04/18 | first author:Yang BW",
"Of lamp posts, keys, and fabled drunkards: A perspectival tale of 4 guidelines.","/pubmed/29656532","Greenhalgh T.","J Eval Clin Pract. 2018 Oct;24(5):1132-1138. doi: 10.1111/jep.12925. Epub 2018 Apr 15.","J Eval Clin Pract.  2018","PubMed","citation","PMID:29656532 | PMCID:PMC6175189","pubmed","29656532","create date:2018/04/16 | first author:Greenhalgh T",
"Correlation analysis between the magnetic resonance imaging characteristics of osteoporotic vertebral compression fractures and the efficacy of percutaneous vertebroplasty: a prospective cohort study.","/pubmed/29650014","Xu W, Wang S, Chen C, Li Y, Ji Y, Zhu X, Li Z.","BMC Musculoskelet Disord. 2018 Apr 12;19(1):114. doi: 10.1186/s12891-018-2040-8.","BMC Musculoskelet Disord.  2018","PubMed","citation","PMID:29650014 | PMCID:PMC5898070","pubmed","29650014","create date:2018/04/14 | first author:Xu W",
"The Prognostic Significance of Pedicle Enhancement from Contrast-enhanced MRI for the Further Collapse in Osteoporotic Vertebral Compression Fractures.","/pubmed/29649091","Hyun SE, Ko JY, Lee E, Ryu JS.","Spine (Phila Pa 1976). 2018 Nov 15;43(22):1586-1594. doi: 10.1097/BRS.0000000000002672.","Spine (Phila Pa 1976).  2018","PubMed","citation","PMID:29649091","pubmed","29649091","create date:2018/04/13 | first author:Hyun SE",
"Osteoporotic vertebral compression fracture - Treatment with kyphoplasty and vertebroplasty.","/pubmed/29641781","Bernardo WM, Anhesini M, Buzzini R; Brazilian Medical Association (AMB)..","Rev Assoc Med Bras (1992). 2018 Mar;64(3):204-207. doi: 10.1590/1806-9282.64.03.204. No abstract available. ","Rev Assoc Med Bras (1992).  2018","PubMed","citation","PMID:29641781","pubmed","29641781","create date:2018/04/12 | first author:Bernardo WM",
"Is Short Same-Segment Fixation Really Better than Short-Segment Posterior Fixation in the Treatment of Thoracolumbar Fractures?","/pubmed/29621094","Ren HL, Wang JX, Jiang JM.","Spine (Phila Pa 1976). 2018 Nov 1;43(21):1470-1478. doi: 10.1097/BRS.0000000000002660.","Spine (Phila Pa 1976).  2018","PubMed","citation","PMID:29621094","pubmed","29621094","create date:2018/04/06 | first author:Ren HL",
"3-Dimensional printing guide template assisted percutaneous vertebroplasty: Technical note.","/pubmed/29605276","Li J, Lin J, Yang Y, Xu J, Fei Q.","J Clin Neurosci. 2018 Jun;52:159-164. doi: 10.1016/j.jocn.2018.03.012. Epub 2018 Mar 28.","J Clin Neurosci.  2018","PubMed","citation","PMID:29605276","pubmed","29605276","create date:2018/04/02 | first author:Li J",
"The Optimal Volume Fraction in Percutaneous Vertebroplasty Evaluated by Pain Relief, Cement Dispersion, and Cement Leakage: A Prospective Cohort Study of 130 Patients with Painful Osteoporotic Vertebral Compression Fracture in the Thoracolumbar Vertebra.","/pubmed/29555612","Sun HB, Jing XS, Liu YZ, Qi M, Wang XK, Hai Y.","World Neurosurg. 2018 Jun;114:e677-e688. doi: 10.1016/j.wneu.2018.03.050. Epub 2018 Mar 16.","World Neurosurg.  2018","PubMed","citation","PMID:29555612","pubmed","29555612","create date:2018/03/21 | first author:Sun HB",
"Combined pedicle screw fixation at the fracture vertebrae versus conventional method for thoracolumbar fractures: A meta-analysis.","/pubmed/29535015","Zhang C, Liu Y.","Int J Surg. 2018 May;53:38-47. doi: 10.1016/j.ijsu.2018.03.002. Epub 2018 Mar 11. Review.","Int J Surg.  2018","PubMed","citation","PMID:29535015","pubmed","29535015","create date:2018/03/15 | first author:Zhang C",
"Comparison of Wiltse's paraspinal approach and open book laminectomy for thoracolumbar burst fractures with greenstick lamina fractures: a randomized controlled trial.","/pubmed/29499742","Chen ZD, Wu J, Yao XT, Cai TY, Zeng WR, Lin B.","J Orthop Surg Res. 2018 Mar 2;13(1):43. doi: 10.1186/s13018-018-0743-z.","J Orthop Surg Res.  2018","PubMed","citation","PMID:29499742 | PMCID:PMC5833077","pubmed","29499742","create date:2018/03/04 | first author:Chen ZD",
"Multiple vertebral fractures associated with glucocorticoid-induced osteoporosis treated with teriparatide followed by kyphosis correction fusion: a case report.","/pubmed/29476202","Uei H, Tokuhashi Y, Maseda M, Nakahashi M, Nakayama E.","Osteoporos Int. 2018 May;29(5):1211-1215. doi: 10.1007/s00198-018-4425-9. Epub 2018 Feb 23.","Osteoporos Int.  2018","PubMed","citation","PMID:29476202","pubmed","29476202","create date:2018/02/25 | first author:Uei H",
"Risk factor analysis for re-collapse of cemented vertebrae after percutaneous vertebroplasty (PVP) or percutaneous kyphoplasty (PKP).","/pubmed/29464371","Li YX, Guo DQ, Zhang SC, Liang, Yuan K, Mo GY, Li DX, Guo HZ, Tang Y, Luo PJ.","Int Orthop. 2018 Sep;42(9):2131-2139. doi: 10.1007/s00264-018-3838-6. Epub 2018 Feb 20.","Int Orthop.  2018","PubMed","citation","PMID:29464371","pubmed","29464371","create date:2018/02/22 | first author:Li YX",
"Comparison of Percutaneous Kyphoplasty and Bone Cement-Augmented Short-Segment Pedicle Screw Fixation for Management of Kümmell Disease.","/pubmed/29463783","Huang YS, Hao DJ, Feng H, Zhang HP, He SM, Ge CY, Niu XB.","Med Sci Monit. 2018 Feb 21;24:1072-1079.","Med Sci Monit.  2018","PubMed","citation","PMID:29463783 | PMCID:PMC5829537","pubmed","29463783","create date:2018/02/22 | first author:Huang YS",
"Bisphosphonate and Teriparatide Use in Thoracolumbar Spinal Fusion: A Systematic Review and Meta-analysis of Comparative Studies.","/pubmed/29462070","Buerba RA, Sharma A, Ziino C, Arzeno A, Ajiboye RM.","Spine (Phila Pa 1976). 2018 Sep 1;43(17):E1014-E1023. doi: 10.1097/BRS.0000000000002608. Review.","Spine (Phila Pa 1976).  2018","PubMed","citation","PMID:29462070","pubmed","29462070","create date:2018/02/21 | first author:Buerba RA",
"Parkinson's disease and the risk of osteoporotic vertebral compression fracture: a nationwide population-based study.","/pubmed/29460103","Lee CK, Choi SK, Shin DA, Yi S, Kim KN, Kim I, Ha Y.","Osteoporos Int. 2018 May;29(5):1117-1124. doi: 10.1007/s00198-018-4409-9. Epub 2018 Feb 19.","Osteoporos Int.  2018","PubMed","citation","PMID:29460103","pubmed","29460103","create date:2018/02/21 | first author:Lee CK",
"[Risk factors of non-surgical vertebral fracture after percutaneous kyphoplasty of single segment thoracolumbar fracture].","/pubmed/29455485","Wu J, Guan YH, Fan SL.","Zhongguo Gu Shang. 2017 Sep 25;30(9):833-837. doi: 10.3969/j.issn.1003-0034.2017.09.010. Chinese. ","Zhongguo Gu Shang.  2017","PubMed","citation","PMID:29455485","pubmed","29455485","create date:2018/02/20 | first author:Wu J",
"[Analysis of clinical outcome of kyphoplasty on costal pain related to thoracic osteoporotic compression fractures].","/pubmed/29455483","Tang XS, Tan MS, Yi P, Yang F, Zhao H, Yu X.","Zhongguo Gu Shang. 2017 Sep 25;30(9):823-827. doi: 10.3969/j.issn.1003-0034.2017.09.008. Chinese. ","Zhongguo Gu Shang.  2017","PubMed","citation","PMID:29455483","pubmed","29455483","create date:2018/02/20 | first author:Tang XS",
"Ultra-early injection of low-viscosity cement in vertebroplasty procedure for treating osteoporotic vertebral compression fractures: A retrospective cohort study.","/pubmed/29455043","Zhang ZF, Liu DH, Wu PY, Xie CL, Qin FW, Huang H.","Int J Surg. 2018 Apr;52:35-39. doi: 10.1016/j.ijsu.2018.02.025. Epub 2018 Feb 15.","Int J Surg.  2018","PubMed","citation","PMID:29455043","pubmed","29455043","create date:2018/02/20 | first author:Zhang ZF",
"Is percutaneous kyphoplasty the better choice for minimally invasive treatment of neurologically intact osteoporotic Kümmell's disease? A comparison of two minimally invasive procedures.","/pubmed/29445960","Zhang J, Fan Y, He X, Meng Y, Huang Y, Jia S, Du J, Wu Q, Hao D.","Int Orthop. 2018 Jun;42(6):1321-1326. doi: 10.1007/s00264-018-3832-z. Epub 2018 Feb 14.","Int Orthop.  2018","PubMed","citation","PMID:29445960","pubmed","29445960","create date:2018/02/16 | first author:Zhang J",
"Bone Cement-Augmented Short-Segment Pedicle Screw Fixation for Kümmell Disease with Spinal Canal Stenosis.","/pubmed/29443957","Huang YS, Ge CY, Feng H, Zhang HP, Niu XB, Shi SY, Zhu ZQ, Hao DJ.","Med Sci Monit. 2018 Feb 14;24:928-935.","Med Sci Monit.  2018","PubMed","citation","PMID:29443957 | PMCID:PMC5820999","pubmed","29443957","create date:2018/02/15 | first author:Huang YS",
"Feasibility of anterior screw fixation in children: a tomographic study.","/pubmed/29427010","Fernandes LG, Cristante AF, Marcon RM, de Barros Filho TEP, Letaif OB.","Eur Spine J. 2018 Jun;27(6):1388-1392. doi: 10.1007/s00586-018-5504-5. Epub 2018 Feb 9.","Eur Spine J.  2018","PubMed","citation","PMID:29427010","pubmed","29427010","create date:2018/02/11 | first author:Fernandes LG",
"[Unilateral Wiltse intermuscular approach and contralateral decompression for the treatment of thoracolumbar burst fracture].","/pubmed/29417778","Li C, Wang J, Teng HL, Zhu MY, Zhou Y.","Zhongguo Gu Shang. 2017 May 25;30(5):453-457. doi: 10.3969/j.issn.1003-0034.2017.05.012. Chinese. ","Zhongguo Gu Shang.  2017","PubMed","citation","PMID:29417778","pubmed","29417778","create date:2018/02/09 | first author:Li C",
"[Effect of different bone cement dispersion types in the treatment of osteoporotic vertebral compression fracture].","/pubmed/29417777","Zhao YS, Li Q, Li Q, Zheng YP.","Zhongguo Gu Shang. 2017 May 25;30(5):446-452. doi: 10.3969/j.issn.1003-0034.2017.05.011. Chinese. ","Zhongguo Gu Shang.  2017","PubMed","citation","PMID:29417777","pubmed","29417777","create date:2018/02/09 | first author:Zhao YS",
"[Mid and long-term clinical effects of percutaneous kyphoplasty with two methods for vertebral fragility fracture in the elderly].","/pubmed/29417773","Yu HJ, Ma GP, Guo QF, Zhang XW, Zhang C.","Zhongguo Gu Shang. 2017 May 25;30(5):426-430. doi: 10.3969/j.issn.1003-0034.2017.05.007. Chinese. ","Zhongguo Gu Shang.  2017","PubMed","citation","PMID:29417773","pubmed","29417773","create date:2018/02/09 | first author:Yu HJ",
"Minimally invasive fixation techniques for thoracolumbar fractures: comparison between percutaneous pedicle screw with intermediate screw (PPSIS) and percutaneous pedicle screw with kyphoplasty (PPSK).","/pubmed/29356907","Caruso G, Lombardi E, Andreotti M, Lorusso V, Gildone A, Padovani S, Massari L.","Eur J Orthop Surg Traumatol. 2018 Jul;28(5):849-858. doi: 10.1007/s00590-018-2122-1. Epub 2018 Jan 22.","Eur J Orthop Surg Traumatol.  2018","PubMed","citation","PMID:29356907","pubmed","29356907","create date:2018/01/23 | first author:Caruso G",
"[Comparative study of minimally invasive percutaneous pedicle screw fixation and open surgery in the treatment of thoracolumbar fractures].","/pubmed/29349998","Ye H, Chen QX.","Zhongguo Gu Shang. 2017 Feb 25;30(2):105-109. doi: 10.3969/j.issn.1003-0034.2017.02.003. Chinese. ","Zhongguo Gu Shang.  2017","PubMed","citation","PMID:29349998","pubmed","29349998","create date:2018/01/20 | first author:Ye H",
"Biomechanical effects of USS fixation with different screw insertion depths on the vertebrae stiffness and screw stress for the treatment of the L1 fracture.","/pubmed/29332029","Liu J, Yang S, Lu J, Fu D, Liu X, Shang D.","J Back Musculoskelet Rehabil. 2018;31(2):285-297. doi: 10.3233/BMR-169692.","J Back Musculoskelet Rehabil.  2018","PubMed","citation","PMID:29332029","pubmed","29332029","create date:2018/01/15 | first author:Liu J",
"Is postoperative bracing after pedicle screw fixation of spine fractures necessary? Study protocol of the ORNOT study: a randomised controlled multicentre trial.","/pubmed/29331975","Smits AJ, Deunk J, Stadhouder A, Altena MC, Kempen DHR, Bloemers FW.","BMJ Open. 2018 Jan 13;8(1):e019596. doi: 10.1136/bmjopen-2017-019596.","BMJ Open.  2018","PubMed","citation","PMID:29331975 | PMCID:PMC5781062","pubmed","29331975","create date:2018/01/15 | first author:Smits AJ",
"Evaluation of Oxidative Stress Levels and Antioxidant Enzyme Activities in Burst Fractures.","/pubmed/29324724","Kuyumcu F, Aycan A.","Med Sci Monit. 2018 Jan 11;24:225-234.","Med Sci Monit.  2018","PubMed","citation","PMID:29324724 | PMCID:PMC5772452","pubmed","29324724","create date:2018/01/13 | first author:Kuyumcu F",
"The comparison of clinical outcome of fresh type II odontoid fracture treatment between anterior cannulated screws fixation and posterior instrumentation of C1-2 without fusion: a retrospective cohort study.","/pubmed/29310670","Yuan S, Wei B, Tian Y, Yan J, Xu W, Wang L, Liu X.","J Orthop Surg Res. 2018 Jan 8;13(1):3. doi: 10.1186/s13018-017-0702-0.","J Orthop Surg Res.  2018","PubMed","citation","PMID:29310670 | PMCID:PMC5759802","pubmed","29310670","create date:2018/01/10 | first author:Yuan S",
"Trends in Orthopedic Fracture and Injury Severity: A Level I Trauma Center Experience.","/pubmed/29309711","Tarabadkar N, Alton T, Gorbaty J, Nork S, Taitman L, Kleweno C.","Orthopedics. 2018 Mar 1;41(2):e211-e216. doi: 10.3928/01477447-20180103-01. Epub 2018 Jan 9.","Orthopedics.  2018","PubMed","citation","PMID:29309711","pubmed","29309711","create date:2018/01/09 | first author:Tarabadkar N",
"Impact of Magnetic Resonance Imaging on Treatment-Related Decision Making for Osteoporotic Vertebral Compression Fracture: A Prospective Randomized Trial.","/pubmed/29298277","Jin C, Xu G, Weng D, Xie M, Qian Y.","Med Sci Monit. 2018 Jan 3;24:50-57.","Med Sci Monit.  2018","PubMed","citation","PMID:29298277 | PMCID:PMC5761712","pubmed","29298277","create date:2018/01/04 | first author:Jin C",
"Percutaneous Kyphoplasty: Is Bilateral Approach Necessary?","/pubmed/29280933","Yilmaz A, Çakir M, Yücetaş CŞ, Urfali B, Üçler N, Altaş M, Aras M, Serarslan Y, Koç RK.","Spine (Phila Pa 1976). 2018 Jul 15;43(14):977-983. doi: 10.1097/BRS.0000000000002531.","Spine (Phila Pa 1976).  2018","PubMed","citation","PMID:29280933","pubmed","29280933","create date:2017/12/28 | first author:Yilmaz A",
"Analysis of Pre- and Postoperative Pain Variation in Osteoporotic Vertebral Compression Fracture Patients Undergoing Kyphoplasty.","/pubmed/29252980","Mei X, Sun ZY, Zhou F, Luo ZP, Yang HL.","Med Sci Monit. 2017 Dec 18;23:5994-6000.","Med Sci Monit.  2017","PubMed","citation","PMID:29252980 | PMCID:PMC5743174","pubmed","29252980","create date:2017/12/19 | first author:Mei X",
"Tuberculous spondylitis after vertebral augmentation: A case report with a literature review.","/pubmed/29239241","Jia-Jia S, Zhi-Yong S, Zhong-Lai Q, Hui-Lin Y, Xiao-Yu Z.","J Int Med Res. 2018 Feb;46(2):916-924. doi: 10.1177/0300060517728008. Epub 2017 Sep 20.","J Int Med Res.  2018","PubMed","citation","PMID:29239241 | PMCID:PMC5971511","pubmed","29239241","create date:2017/12/15 | first author:Jia-Jia S",
"Is it Beneficial to Reuse the Balloon in Percutaneous Kyphoplasty for the Treatment of Non-Neoplastic Vertebral Compression Fractures?","/pubmed/29236682","Jing Z, Sun Q, Dong J, Meng F, Song Y, Xia T, Luo J, Li Y, Nan F.","Med Sci Monit. 2017 Dec 13;23:5907-5915.","Med Sci Monit.  2017","PubMed","citation","PMID:29236682 | PMCID:PMC5737568","pubmed","29236682","create date:2017/12/14 | first author:Jing Z",
"Rebound-associated vertebral fractures after discontinuation of denosumab for the treatment of maxillitis.","/pubmed/29230512","Niimi R, Kono T, Nishihara A, Hasegawa M, Kono T, Sudo A.","Osteoporos Int. 2018 Mar;29(3):769-772. doi: 10.1007/s00198-017-4334-3. Epub 2017 Dec 11.","Osteoporos Int.  2018","PubMed","citation","PMID:29230512","pubmed","29230512","create date:2017/12/13 | first author:Niimi R",
"Anatomic parameters of the sacral lamina for osteosynthesis in transverse sacral fractures.","/pubmed/29218387","Katsuura Y, Lorenz E, Gardner W 2nd.","Surg Radiol Anat. 2018 May;40(5):521-528. doi: 10.1007/s00276-017-1955-3. Epub 2017 Dec 8.","Surg Radiol Anat.  2018","PubMed","citation","PMID:29218387","pubmed","29218387","create date:2017/12/09 | first author:Katsuura Y",
"Short-segment versus Long-segment Stabilization for Unstable Thoracolumbar Junction Burst Fractures.","/pubmed/29208863","Ahsan MK, Mamun AA, Zahangiri Z, Awwal MA, Khan SI, Zaman N, Haque MH.","Mymensingh Med J. 2017 Oct;26(4):762-774.","Mymensingh Med J.  2017","PubMed","citation","PMID:29208863","pubmed","29208863","create date:2017/12/07 | first author:Ahsan MK",
"Tranexamic Acid Decreases Visible and Hidden Blood Loss Without Affecting Prethrombotic State Molecular Markers in Transforaminal Thoracic Interbody Fusion for Treatment of Thoracolumbar Fracture-Dislocation.","/pubmed/29189568","Wang W, Duan K, Ma M, Jiang Y, Liu T, Liu J, Hao D.","Spine (Phila Pa 1976). 2018 Jul 1;43(13):E734-E739. doi: 10.1097/BRS.0000000000002491.","Spine (Phila Pa 1976).  2018","PubMed","citation","PMID:29189568","pubmed","29189568","create date:2017/12/01 | first author:Wang W",
"Anterior cement augmentation of adjacent levels after vertebral body replacement leads to superior stability of the corpectomy cage under cyclic loading-a biomechanical investigation.","/pubmed/29174458","Oberkircher L, Krüger A, Hörth D, Hack J, Ruchholtz S, Fleege C, Rauschmann M, Arabmotlagh M.","Spine J. 2018 Mar;18(3):525-531. doi: 10.1016/j.spinee.2017.10.068. Epub 2017 Nov 21.","Spine J.  2018","PubMed","citation","PMID:29174458","pubmed","29174458","create date:2017/11/28 | first author:Oberkircher L",
"Morphological changes of vertebral compression fracture with intra-vertebral cleft treated with percutaneous vertebroplasty.","/pubmed/29174421","Park SM, Park JW, Kim H, Kim HJ, Yeom JS, Lee CK, Chang BS.","J Orthop Sci. 2018 Mar;23(2):237-247. doi: 10.1016/j.jos.2017.11.006. Epub 2017 Nov 23.","J Orthop Sci.  2018","PubMed","citation","PMID:29174421","pubmed","29174421","create date:2017/11/28 | first author:Park SM",
"Preoperative prone position exercises: a simple and novel method to improve tolerance to kyphoplasty for treatment of single level osteoporotic vertebral compression fractures.","/pubmed/29162076","Li G, Liu H, Wang Q, Zhong D.","BMC Musculoskelet Disord. 2017 Nov 21;18(1):472. doi: 10.1186/s12891-017-1843-3.","BMC Musculoskelet Disord.  2017","PubMed","citation","PMID:29162076 | PMCID:PMC5697054","pubmed","29162076","create date:2017/11/23 | first author:Li G",
"A Comparison of the Mini-Open Wiltse Approach with Pedicle Screw Fixation and the Percutaneous Pedicle Screw Fixation for Neurologically Intact Thoracolumbar Fractures.","/pubmed/29151568","Fan Y, Zhang J, He X, Huang Y, Wu Q, Hao D.","Med Sci Monit. 2017 Nov 20;23:5515-5521.","Med Sci Monit.  2017","PubMed","citation","PMID:29151568 | PMCID:PMC5706388","pubmed","29151568","create date:2017/11/21 | first author:Fan Y",
"Analysis of Reporting Bias in Vertebral Augmentation.","/pubmed/29149153","Beall DP, Tutton SM, Murphy K, Olan W, Warner C, Test JB.","Pain Physician. 2017 Nov;20(7):E1081-E1090. Review.","Pain Physician.  2017","PubMed","citation","PMID:29149153","pubmed","29149153","create date:2017/11/18 | first author:Beall DP",
"Sacroplasty: A Ten-Year Analysis of Prospective Patients Treated with Percutaneous Sacroplasty: Literature Review and Technical Considerations.","/pubmed/29149151","Frey ME, Warner C, Thomas SM, Johar K, Singh H, Mohammad MS, Beall DP.","Pain Physician. 2017 Nov;20(7):E1063-E1072.","Pain Physician.  2017","PubMed","citation","PMID:29149151","pubmed","29149151","create date:2017/11/18 | first author:Frey ME",
"Is Balloon kyphoplasty a better treatment than percutaneous vertebroplasty for chronic obstructive pulmonary disease (COPD) patients with osteoporotic vertebral compression fractures (OVCFs)?","/pubmed/29146094","Wu X, Tang X, Tan M, Yi P, Yang F.","J Orthop Sci. 2018 Jan;23(1):39-44. doi: 10.1016/j.jos.2017.09.010. Epub 2017 Nov 13.","J Orthop Sci.  2018","PubMed","citation","PMID:29146094","pubmed","29146094","create date:2017/11/18 | first author:Wu X",
"Biomechanical investigation of four different fixation techniques in sacrum Denis type II fracture with low bone mineral density.","/pubmed/29106756","Acklin YP, Zderic I, Richards RG, Schmitz P, Gueorguiev B, Grechenig S.","J Orthop Res. 2018 Jun;36(6):1624-1629. doi: 10.1002/jor.23798. Epub 2017 Dec 5.","J Orthop Res.  2018","PubMed","citation","PMID:29106756","pubmed","29106756","create date:2017/11/07 | first author:Acklin YP",
"Use of corticosteroids is not associated with repeated vertebroplasty or kyphoplasty within one year after the surgery in patient older than 50 years.","/pubmed/29100666","Kao FC, Hsu YC, Wu CH, Wang CB, Tu YK, Liu PH.","Acta Orthop Traumatol Turc. 2017 Dec;51(6):459-465. doi: 10.1016/j.aott.2017.10.006. Epub 2017 Oct 31.","Acta Orthop Traumatol Turc.  2017","PubMed","citation","PMID:29100666 | PMCID:PMC6197600","pubmed","29100666","create date:2017/11/05 | first author:Kao FC",
"Were VCF patients at higher risk of mortality following the 2009 publication of the vertebroplasty ""sham"" trials?","/pubmed/29063215","Ong KL, Beall DP, Frohbergh M, Lau E, Hirsch JA.","Osteoporos Int. 2018 Feb;29(2):375-383. doi: 10.1007/s00198-017-4281-z. Epub 2017 Oct 24.","Osteoporos Int.  2018","PubMed","citation","PMID:29063215 | PMCID:PMC6394540","pubmed","29063215","create date:2017/10/25 | first author:Ong KL",
"Percutaneous balloon kyphoplasty for the treatment of very severe osteoporotic vertebral compression fractures: a case-control study.","/pubmed/29055740","Lee JK, Jeong HW, Joo IH, Ko YI, Kang CN.","Spine J. 2018 Jun;18(6):962-969. doi: 10.1016/j.spinee.2017.10.006. Epub 2017 Oct 18.","Spine J.  2018","PubMed","citation","PMID:29055740","pubmed","29055740","create date:2017/10/23 | first author:Lee JK",
"Treatment of thoracic or lumbar burst fractures with Balloon Assisted Endplate Reduction using Tricalcium Phosphate cement: histological and radiological evaluation.","/pubmed/29017495","Kitzen J, Schotanus MGM, Plasschaert HSW, Hulsmans FH, Tilman PBJ.","BMC Musculoskelet Disord. 2017 Oct 10;18(1):411. doi: 10.1186/s12891-017-1770-3.","BMC Musculoskelet Disord.  2017","PubMed","citation","PMID:29017495 | PMCID:PMC5635504","pubmed","29017495","create date:2017/10/12 | first author:Kitzen J",
"Differences in short-term clinical and radiological outcomes depending on timing of balloon kyphoplasty for painful osteoporotic vertebral fracture.","/pubmed/28988630","Takahashi S, Hoshino M, Terai H, Toyoda H, Suzuki A, Tamai K, Watanabe K, Tsujio T, Yasuda H, Kono H, Sasaoka R, Dohzono S, Hayashi K, Ohyama S, Hori Y, Nakamura H.","J Orthop Sci. 2018 Jan;23(1):51-56. doi: 10.1016/j.jos.2017.09.019. Epub 2017 Oct 4.","J Orthop Sci.  2018","PubMed","citation","PMID:28988630","pubmed","28988630","create date:2017/10/11 | first author:Takahashi S",
"Reduction of vertebral height with fragility vertebral fractures can induce variety of neurological deterioration.","/pubmed/28974243","Fujimoto K, Kanchiku T, Imajo Y, Suzuki H, Nishida N, Funaba M, Taguchi T.","J Orthop Surg Res. 2017 Oct 3;12(1):145. doi: 10.1186/s13018-017-0649-1.","J Orthop Surg Res.  2017","PubMed","citation","PMID:28974243 | PMCID:PMC5627465","pubmed","28974243","create date:2017/10/05 | first author:Fujimoto K",
"Vertebroplasty for acute painful osteoporotic fracture.","/pubmed/28954607","Bird P, Diamond T, Clark WA.","Med J Aust. 2017 Sep 2;207(7):279-281. No abstract available. ","Med J Aust.  2017","PubMed","citation","PMID:28954607","pubmed","28954607","create date:2017/09/29 | first author:Bird P",
"Intravertebral Vacuum Cleft and Its Varied Locations within Osteoporotic Vertebral Compression Fractures: Effect on Therapeutic Efficacy.","/pubmed/28934802","Yu W, Jiang X, Liang, Yao Z, Qiu T, Ye L, Zhang S, Jin D.","Pain Physician. 2017 Sep;20(6):E979-E986.","Pain Physician.  2017","PubMed","citation","PMID:28934802","pubmed","28934802","create date:2017/09/22 | first author:Yu W",
"Incidence and Risk Factors of Anterior Arch Fracture of the Atlas Following C1 Laminectomy Without Fusion.","/pubmed/28885292","Shimizu T, Otsuki B, Fujibayashi S, Kumamoto S, Hijikata Y, Shimizu Y, Takemoto M, Ota M, Ito H, Matsuda S.","Spine (Phila Pa 1976). 2018 May 15;43(10):667-674. doi: 10.1097/BRS.0000000000002402.","Spine (Phila Pa 1976).  2018","PubMed","citation","PMID:28885292","pubmed","28885292","create date:2017/09/09 | first author:Shimizu T",
"[Results for the treatment of fresh type thoracolumbar vertebral fracture according to the intraoperative CT scan].","/pubmed/28881529","Li YW, Wang HJ, Wang YS, Cui W.","Zhonghua Yi Xue Za Zhi. 2017 Sep 5;97(33):2573-2577. doi: 10.3760/cma.j.issn.0376-2491.2017.33.004. Chinese. ","Zhonghua Yi Xue Za Zhi.  2017","PubMed","citation","PMID:28881529","pubmed","28881529","create date:2017/09/09 | first author:Li YW",
"Non neurologic burst thoracolumbar fractures fixation: Case-control study.","/pubmed/28807432","Amelot A, Cristini J, Moles A, Salaud C, Hamel O, Bord E, Buffenoir K.","Injury. 2017 Oct;48(10):2150-2156. doi: 10.1016/j.injury.2017.08.002. Epub 2017 Aug 4.","Injury.  2017","PubMed","citation","PMID:28807432","pubmed","28807432","create date:2017/08/16 | first author:Amelot A",
"Trends in the surgical management of odontoid fractures in patients above 75 years of age: Retrospective study of 70 cases.","/pubmed/28789999","Faure A, Graillon T, Pesenti S, Tropiano P, Blondel B, Fuentes S.","Orthop Traumatol Surg Res. 2017 Dec;103(8):1221-1228. doi: 10.1016/j.otsr.2017.07.008. Epub 2017 Aug 5.","Orthop Traumatol Surg Res.  2017","PubMed","citation","PMID:28789999","pubmed","28789999","create date:2017/08/10 | first author:Faure A",
"An overview of clinical guidelines for the management of vertebral compression fracture: a systematic review.","/pubmed/28739478","Parreira PCS, Maher CG, Megale RZ, March L, Ferreira ML.","Spine J. 2017 Dec;17(12):1932-1938. doi: 10.1016/j.spinee.2017.07.174. Epub 2017 Jul 21. Review.","Spine J.  2017","PubMed","citation","PMID:28739478","pubmed","28739478","create date:2017/07/26 | first author:Parreira PCS",
"Risk factor analysis for predicting vertebral body re-collapse after posterior instrumented fusion in thoracolumbar burst fracture.","/pubmed/28735766","Jang HD, Bang C, Lee JC, Soh JW, Choi SW, Cho HK, Shin BJ.","Spine J. 2018 Feb;18(2):285-293. doi: 10.1016/j.spinee.2017.07.168. Epub 2017 Jul 20.","Spine J.  2018","PubMed","citation","PMID:28735766","pubmed","28735766","create date:2017/07/25 | first author:Jang HD",
"The Role of Minimally Invasive Vertebral Body Stent on Reduction of the Deflation Effect After Kyphoplasty: A Biomechanical Study.","/pubmed/28678108","Wang D, Zheng S, Liu A, Xu J, Du X, Wang Y, Wang L.","Spine (Phila Pa 1976). 2018 Mar 15;43(6):E341-E347. doi: 10.1097/BRS.0000000000002317.","Spine (Phila Pa 1976).  2018","PubMed","citation","PMID:28678108","pubmed","28678108","create date:2017/07/06 | first author:Wang D",
"Additional vertebral augmentation with posterior instrumentation for unstable thoracolumbar burst fractures.","/pubmed/28662833","Kao FC, Hsieh MK, Yu CW, Tsai TT, Lai PL, Niu CC, Chen LH, Chen WJ.","Injury. 2017 Aug;48(8):1806-1812. doi: 10.1016/j.injury.2017.06.015. Epub 2017 Jun 20.","Injury.  2017","PubMed","citation","PMID:28662833","pubmed","28662833","create date:2017/07/01 | first author:Kao FC",
"Balloon Kyphoplasty under Three-dimensional Radiography Guidance.","/pubmed/28659547","Umebayashi D, Yamamoto Y, Nakajima Y, Hara M.","Neurol Med Chir (Tokyo). 2017 Sep 15;57(9):489-495. doi: 10.2176/nmc.tn.2016-0298. Epub 2017 Jun 28.","Neurol Med Chir (Tokyo).  2017","PubMed","citation","PMID:28659547 | PMCID:PMC5638793","pubmed","28659547","create date:2017/07/01 | first author:Umebayashi D",
"Incomplete burst fractures of the thoracolumbar spine: a review of literature.","/pubmed/28547575","Spiegl UJ, Josten C, Devitt BM, Heyde CE.","Eur Spine J. 2017 Dec;26(12):3187-3198. doi: 10.1007/s00586-017-5126-3. Epub 2017 May 25. Review.","Eur Spine J.  2017","PubMed","citation","PMID:28547575","pubmed","28547575","create date:2017/05/27 | first author:Spiegl UJ",
"Biomechanical in vitro comparison of radiofrequency kyphoplasty and balloon kyphoplasty.","/pubmed/28451858","Achatz G, Riesner HJ, Friemert B, Lechner R, Graf N, Wilke HJ.","Eur Spine J. 2017 Dec;26(12):3225-3234. doi: 10.1007/s00586-017-5035-5. Epub 2017 Apr 27.","Eur Spine J.  2017","PubMed","citation","PMID:28451858","pubmed","28451858","create date:2017/04/30 | first author:Achatz G",
"[Clinical research on robot-assisted percutaneous pelvic and acetabular screws surgery].","/pubmed/28416838","Zhao CP, Wang JQ, Su YG, Han W, Zhou L, Wang MY.","Beijing Da Xue Xue Bao Yi Xue Ban. 2017 Apr 18;49(2):274-280. Chinese. ","Beijing Da Xue Xue Bao Yi Xue Ban.  2017","PubMed","citation","PMID:28416838","pubmed","28416838","create date:2017/04/19 | first author:Zhao CP",
"[Clinical comparison of polymethylmethacrylate and bone cement in the treatment of osteoporotic vertebral compression fractures: a retrospective study].","/pubmed/28416837","Shang LP, Tian Y, Liu XG.","Beijing Da Xue Xue Bao Yi Xue Ban. 2017 Apr 18;49(2):267-273. Chinese. ","Beijing Da Xue Xue Bao Yi Xue Ban.  2017","PubMed","citation","PMID:28416837","pubmed","28416837","create date:2017/04/19 | first author:Shang LP",
"Minimally invasive spinal surgery for the management of symptomatic spinal metastasis.","/pubmed/28264589","Hamad A, Vachtsevanos L, Cattell A, Ockendon M, Balain B.","Br J Neurosurg. 2017 Oct;31(5):526-530. doi: 10.1080/02688697.2017.1297374. Epub 2017 Mar 6.","Br J Neurosurg.  2017","PubMed","citation","PMID:28264589","pubmed","28264589","create date:2017/03/08 | first author:Hamad A",
"[Application of improved injecting tube in percutaneous kyphoplasty through unipedicular puncturing].","/pubmed/29786253","Yang D, Lei B, Liao L, Wang K, Zhang Q, Yang Z.","Zhongguo Xiu Fu Chong Jian Wai Ke Za Zhi. 2017 Feb 15;31(2):197-202. doi: 10.7507/1002-1892.201610022. Chinese. ","Zhongguo Xiu Fu Chong Jian Wai Ke Za Zhi.  2017","PubMed","citation","PMID:29786253","pubmed","29786253","create date:2017/02/01 | first author:Yang D",
"Comparison of the 18-month outcome after the treatment of osteoporotic insufficiency fractures by means of balloon sacroplasty (BSP) and radiofrequency sacroplasty (RFS) in comparison: a prospective randomised study.","/pubmed/28070681","Andresen R, Radmer S, Andresen JR, Schober HC.","Eur Spine J. 2017 Dec;26(12):3235-3240. doi: 10.1007/s00586-016-4935-0. Epub 2017 Jan 9.","Eur Spine J.  2017","PubMed","citation","PMID:28070681","pubmed","28070681","create date:2017/01/11 | first author:Andresen R",
"[Design and clinical application of a new extracorporeal reduction device for percutaneous pedicle screw fixation in treatment of thoracolumbar fractures].","/pubmed/29798632","Zou W, Xiao J, Long H, He H, Wu C, Feng M, Zhou C.","Zhongguo Xiu Fu Chong Jian Wai Ke Za Zhi. 2017 Jan 15;31(1):66-72. doi: 10.7507/1002-1892.201608117. Chinese. ","Zhongguo Xiu Fu Chong Jian Wai Ke Za Zhi.  2017","PubMed","citation","PMID:29798632","pubmed","29798632","create date:2017/01/01 | first author:Zou W",
"Halo-Vest Immobilization in Elderly Odontoid Fracture Patients: Evolution in Treatment Modality and In-Hospital Outcomes.","/pubmed/27906741","DePasse JM, Palumbo MA, Ahmed AK, Adams CA Jr, Daniels AH.","Clin Spine Surg. 2017 Nov;30(9):E1206-E1210. doi: 10.1097/BSD.0000000000000483.","Clin Spine Surg.  2017","PubMed","citation","PMID:27906741","pubmed","27906741","create date:2016/12/03 | first author:DePasse JM",
"[COMPARISON OF SHORT SEGMENTAL FIXATION WITH AND WITHOUT FUSION IN TREATMENT OF THORACOLUMBAR BURST FRACTURE BY POSTERIOR APPROACH].","/pubmed/29786365","Lei F, Ye F, Zhou Q, Yang H, Yang J, Feng D, Kang J.","Zhongguo Xiu Fu Chong Jian Wai Ke Za Zhi. 2016 Sep 8;30(9):1111-1117. doi: 10.7507/1002-1892.20160226. Chinese. ","Zhongguo Xiu Fu Chong Jian Wai Ke Za Zhi.  2016","PubMed","citation","PMID:29786365","pubmed","29786365","create date:2016/09/08 | first author:Lei F",
"[COMPARISON OF EFFECTIVENESS BETWEEN PERCUTANEOUS VERTEBROPLASTY AND PERCUTANEOUS KYPHOPLASTY FOR TREATMENT OF OSTEOPOROTIC VERTEBRAL COMPRESSION FRACTURE WITH INTRAVERTEBRAL VACUUM CLEFT].","/pubmed/29786364","Yu W, Liang, Jiang X, Ye L, Yao Z.","Zhongguo Xiu Fu Chong Jian Wai Ke Za Zhi. 2016 Sep 8;30(9):1104-1110. doi: 10.7507/1002-1892.20160225. Chinese. ","Zhongguo Xiu Fu Chong Jian Wai Ke Za Zhi.  2016","PubMed","citation","PMID:29786364","pubmed","29786364","create date:2016/09/08 | first author:Yu W",
"Comparison of Sagittal Balance between Radiofrequency Targeted Vertebral Augmentation and Balloon Kyphoplasty in Treatment of Vertebral Compression Fracture: A Retrospective Study.","/pubmed/29927208","Sutipornpalangkul W, Zambrana L, Gianakos A, Lane JM.","J Med Assoc Thai. 2016 Sep;99(9):1025-32.","J Med Assoc Thai.  2016","PubMed","citation","PMID:29927208","pubmed","29927208","create date:2016/09/01 | first author:Sutipornpalangkul W",
"[Analysis of clinical effects of three operative methods for osteoporotic vertebral compression fracture].","/pubmed/29232779","Hu CH, Li QP, Wang C, Liu QP, Long HG.","Zhongguo Gu Shang. 2016 Jul 25;29(7):619-624. doi: 10.3969/j.issn.1003-0034.2016.07.007. Chinese. ","Zhongguo Gu Shang.  2016","PubMed","citation","PMID:29232779","pubmed","29232779","create date:2016/07/25 | first author:Hu CH",
"[Surgical options for delayed osteoporotic vertebral collapse].","/pubmed/29232777","Yu HM, Li YZ, Yao XD, Lin JK, Pan YC, Zhuang HF, Wang PW.","Zhongguo Gu Shang. 2016 Jul 25;29(7):606-613. doi: 10.3969/j.issn.1003-0034.2016.07.005. Chinese. ","Zhongguo Gu Shang.  2016","PubMed","citation","PMID:29232777","pubmed","29232777","create date:2016/07/25 | first author:Yu HM",
"Minimally Invasive Cervical Pedicle Screw Fixation by a Posterolateral Approach for Acute Cervical Injury.","/pubmed/27404857","Komatsubara T, Tokioka T, Sugimoto Y, Ozaki T.","Clin Spine Surg. 2017 Dec;30(10):466-469. doi: 10.1097/BSD.0000000000000421.","Clin Spine Surg.  2017","PubMed","citation","PMID:27404857","pubmed","27404857","create date:2016/07/13 | first author:Komatsubara T",
"[BIOMECHANICAL STUDY ON ADJACENT UPPER AND LOWER AND UNILATERAL FRACTURED VERTEBRAL PEDICLE SCREW FIXATION IN TREATMENT OF THORACOLUMBAR FRACTURE].","/pubmed/29786299","Xiao B, Li J, Cai H, Lin S.","Zhongguo Xiu Fu Chong Jian Wai Ke Za Zhi. 2016 May 8;30(5):580-584. doi: 10.7507/1002-1892.20160117. Chinese. ","Zhongguo Xiu Fu Chong Jian Wai Ke Za Zhi.  2016","PubMed","citation","PMID:29786299","pubmed","29786299","create date:2016/05/08 | first author:Xiao B",
"[EFFECTIVENESS EVALUATION OF PERCUTANEOUS MONOAXIAL SCREW COMBINED WITH INJURED VERTEBRAE POLYAXIAL PEDICAL SCREW FIXATION FOR TREATMENT OF THORACOLUMBAR FRACTURES].","/pubmed/29786297","Zhang W, Qiu D, Li X, Duan L, Zhang F, Tang K.","Zhongguo Xiu Fu Chong Jian Wai Ke Za Zhi. 2016 May 8;30(5):569-574. doi: 10.7507/1002-1892.20160115. Chinese. ","Zhongguo Xiu Fu Chong Jian Wai Ke Za Zhi.  2016","PubMed","citation","PMID:29786297","pubmed","29786297","create date:2016/05/08 | first author:Zhang W",
"A case with rheumatod arthritis and atraumatic odontoid fracture: disappearence of bony landmarks.","/pubmed/25195628","Findikoglu G, Ardic F, Akkaya N, Sahin F, Sabir N, Cirak B.","Int J Rheum Dis. 2018 Nov;21(11):2041-2045. doi: 10.1111/1756-185X.12455. Epub 2014 Sep 8.","Int J Rheum Dis.  2018","PubMed","citation","PMID:25195628","pubmed","25195628","create date:2014/09/10 | first author:Findikoglu G",
"Unusual osteoporotic stress fracture: adjacent bilateral pedicle fractures.","/pubmed/25138587","Kim SW, Kim HS, Kim HS.","Int J Rheum Dis. 2017 May;20(5):662-663. doi: 10.1111/1756-185X.12469. Epub 2014 Aug 19. No abstract available. ","Int J Rheum Dis.  2017","PubMed","citation","PMID:25138587","pubmed","25138587","create date:2014/08/21 | first author:Kim SW",
